City_ID,City,Country,Lat,Lng,Max Temp,Humidity,Cloudiness,Wind Speed,Description
0,Clyde River,CA,70.4692,-68.5914,-17.19,96,26,4.09,scattered clouds
1,Severo-Kurilsk,RU,50.6789,156.125,32.76,96,100,24.14,snow
2,Havelock,US,34.8791,-76.9013,68.99,92,95,10.0,overcast clouds
3,Butaritari,KI,3.0707,172.7902,82.56,72,100,17.83,overcast clouds
4,Kodiak,US,57.79,-152.4072,9.91,56,1,42.57,clear sky
5,Hithadhoo,MV,-0.6,73.0833,80.26,79,93,7.47,overcast clouds
6,Busselton,AU,-33.65,115.3333,69.04,37,14,11.05,few clouds
7,Lasa,IT,46.6166,10.7002,24.62,84,34,8.59,scattered clouds
8,Hobart,AU,-42.8794,147.3294,72.01,46,75,5.99,broken clouds
9,Tuktoyaktuk,CA,69.4541,-133.0374,-6.09,93,100,11.79,overcast clouds
10,Jamestown,US,42.097,-79.2353,37.71,71,90,18.01,overcast clouds
11,Mataura,NZ,-46.1927,168.8643,57.47,33,0,3.42,clear sky
12,Minot,US,48.2325,-101.2963,35.82,51,1,16.11,clear sky
13,Rawson,AR,-43.3002,-65.1023,67.44,28,3,17.6,clear sky
14,Ushuaia,AR,-54.8,-68.3,49.66,76,75,5.75,broken clouds
15,Chuy,UY,-33.6971,-53.4616,60.67,88,1,6.04,clear sky
16,Kapaa,US,22.0752,-159.319,78.78,75,75,1.99,broken clouds
17,Nikolskoye,RU,59.7035,30.7861,25.39,91,100,7.27,overcast clouds
18,Rikitea,PF,-23.1203,-134.9692,76.12,78,60,13.2,light rain
19,Punta Arenas,CL,-53.15,-70.9167,50.11,81,0,5.75,clear sky
20,Santa Rita,BR,-7.1139,-34.9781,79.47,83,20,4.61,few clouds
21,Bredasdorp,ZA,-34.5322,20.0403,57.27,75,96,2.53,overcast clouds
22,New Norfolk,AU,-42.7826,147.0587,71.65,29,3,5.68,clear sky
23,Carnarvon,AU,-24.8667,113.6333,80.67,36,0,26.46,clear sky
24,Bluff,NZ,-46.6,168.3333,57.79,62,2,17.43,clear sky
25,Kavieng,PG,-2.5744,150.7967,84.0,76,100,7.54,light rain
26,Shenandoah,US,30.4013,-91.0009,55.89,72,100,1.99,overcast clouds
27,Atuona,PF,-9.8,-139.0333,79.25,73,87,17.0,overcast clouds
28,Hermanus,ZA,-34.4187,19.2345,60.91,73,100,2.3,overcast clouds
29,Saldanha,ZA,-33.0117,17.9442,61.47,83,100,2.46,overcast clouds
30,Half Moon Bay,US,37.4636,-122.4286,51.87,84,1,0.0,clear sky
31,Pangai,TO,-19.8,-174.35,80.8,72,4,6.53,clear sky
32,Hilo,US,19.7297,-155.09,74.93,40,40,4.61,light rain
33,Khash,IR,28.2211,61.2158,49.5,23,5,4.14,clear sky
34,Port Elizabeth,ZA,-33.918,25.5701,66.09,79,98,3.49,overcast clouds
35,Koumac,NC,-20.5667,164.2833,83.32,71,100,4.05,overcast clouds
36,San Carlos De Bariloche,AR,-41.1456,-71.3082,42.55,75,40,20.71,scattered clouds
37,Albany,US,42.6001,-73.9662,46.76,67,100,14.0,overcast clouds
38,Punta Cardon,VE,11.6581,-70.215,77.83,80,5,15.93,clear sky
39,Kanker,IN,20.2719,81.4931,72.34,47,38,3.91,scattered clouds
40,Avarua,CK,-21.2078,-159.775,78.85,73,20,16.11,few clouds
41,Mar Del Plata,AR,-38.0023,-57.5575,66.87,91,67,21.99,broken clouds
42,Castro,BR,-24.7911,-50.0119,67.89,53,100,2.08,overcast clouds
43,Gotsu,JP,35.0,132.2167,55.53,64,96,17.2,overcast clouds
44,Faanui,PF,-16.4833,-151.75,80.47,72,75,6.38,light rain
45,Bombay,IN,19.0144,72.8479,80.58,57,40,3.44,haze
46,Talnakh,RU,69.4865,88.3972,-23.8,82,99,1.68,overcast clouds
47,Beyneu,KZ,45.3167,55.2,27.3,70,3,8.68,clear sky
48,Catamarca,AR,-28.4696,-65.7852,82.78,52,0,10.0,clear sky
49,Arraial Do Cabo,BR,-22.9661,-42.0278,74.01,94,96,18.99,overcast clouds
50,Ahipara,NZ,-35.1667,173.1667,73.6,80,81,5.79,broken clouds
51,Mumford,GH,5.2618,-0.759,79.3,84,74,4.56,broken clouds
52,Les Cayes,HT,18.2,-73.75,73.9,82,0,4.0,clear sky
53,Puerto Ayora,EC,-0.7393,-90.3518,69.55,94,100,1.99,overcast clouds
54,Xining,CN,36.6167,101.7667,21.96,54,28,1.95,scattered clouds
55,Bathsheba,BB,13.2167,-59.5167,79.12,81,100,18.43,overcast clouds
56,Salalah,OM,17.0151,54.0924,77.09,33,0,12.66,clear sky
57,Cape Town,ZA,-33.9258,18.4232,63.09,83,100,4.36,overcast clouds
58,Geraldton,AU,-28.7667,114.6,77.41,41,8,21.85,clear sky
59,Barrow,US,71.2906,-156.7887,-5.78,77,1,11.5,clear sky
60,Lubaczow,PL,50.157,23.1234,34.29,97,100,8.19,overcast clouds
61,Sestri Levante,IT,44.2732,9.3968,47.61,53,0,4.0,clear sky
62,Port Alfred,ZA,-33.5906,26.891,68.65,89,99,4.97,light rain
63,Lucea,JM,18.451,-78.1736,77.86,78,4,5.91,clear sky
64,Springdale,US,36.1867,-94.1288,35.82,75,1,5.75,clear sky
65,Cherskiy,RU,68.75,161.3,-45.8,99,39,3.06,scattered clouds
66,Reyes,BO,-14.3167,-67.3833,74.53,95,100,2.24,overcast clouds
67,Dunda,TZ,-8.1167,34.25,67.05,76,28,1.39,scattered clouds
68,Sakakah,SA,29.9697,40.2064,52.84,47,88,7.34,overcast clouds
69,Iqaluit,CA,63.7506,-68.5145,-7.31,69,67,4.0,broken clouds
70,Griffith,US,41.5284,-87.4237,35.06,76,1,1.01,clear sky
71,Shenkursk,RU,62.1091,42.896,11.26,85,97,8.81,overcast clouds
72,Victoria,HK,22.2855,114.1577,77.97,68,0,5.99,clear sky
73,Campoverde,PE,-8.4753,-74.8058,78.49,79,98,2.89,overcast clouds
74,Rapar,IN,23.5667,70.6333,71.49,37,7,6.53,clear sky
75,Yellowknife,CA,62.456,-114.3525,8.42,89,90,1.99,light snow
76,Egvekinot,RU,66.3167,-179.1667,-26.59,80,16,5.01,few clouds
77,Nishihara,JP,26.1842,127.7558,76.68,53,40,10.36,scattered clouds
78,Dire,ML,12.2833,-10.9667,71.29,24,100,2.19,overcast clouds
79,Salinas,US,36.6777,-121.6555,48.81,78,40,0.0,scattered clouds
80,Grindavik,IS,63.8424,-22.4338,41.47,93,75,19.57,broken clouds
81,Shumskiy,RU,54.8318,99.1328,23.09,80,100,2.1,overcast clouds
82,Namibe,AO,-15.1961,12.1522,68.97,78,53,3.36,broken clouds
83,Otjiwarongo,NA,-20.4637,16.6477,68.41,70,100,11.52,overcast clouds
84,Tiksi,RU,71.6872,128.8694,-18.4,99,98,3.62,overcast clouds
85,Bandarbeyla,SO,9.4942,50.8122,77.68,76,59,20.69,light rain
86,Aquin,HT,18.2833,-73.4,75.11,82,0,3.76,clear sky
87,Whitehorse,CA,60.7161,-135.0538,6.03,77,90,11.01,light snow
88,Esperance,AU,-33.8667,121.9,60.55,66,97,20.29,overcast clouds
89,Awjilah,LY,29.1081,21.2869,54.7,51,34,8.32,scattered clouds
90,Tigzirt,DZ,36.8886,4.1198,53.67,81,42,3.67,scattered clouds
91,Kristinehamn,SE,59.3098,14.1081,32.56,93,100,4.25,overcast clouds
92,Mareeba,AU,-17.0,145.4333,91.44,60,52,9.15,broken clouds
93,Olafsvik,IS,64.8945,-23.7142,40.01,92,99,20.36,overcast clouds
94,Necochea,AR,-38.5473,-58.7368,70.03,83,79,10.96,broken clouds
95,Paso De Carrasco,UY,-34.8603,-56.0522,66.34,77,0,8.05,clear sky
96,Grand Gaube,MU,-20.0064,57.6608,82.38,61,28,11.99,scattered clouds
97,Flin Flon,CA,54.7682,-101.865,11.86,94,100,5.37,overcast clouds
98,Saint George,US,37.1041,-113.5841,40.32,58,1,3.0,clear sky
99,Pevek,RU,69.7008,170.3133,-35.68,97,42,5.86,scattered clouds
100,Kieta,PG,-6.2167,155.6333,85.39,73,95,3.42,light rain
101,Razole,IN,16.4833,81.8333,82.69,62,41,8.34,scattered clouds
102,Aranos,NA,-24.1333,19.1167,73.56,51,100,3.85,overcast clouds
103,Gat,IL,31.61,34.7642,64.9,40,73,1.61,broken clouds
104,Hofn,IS,64.2539,-15.2082,41.79,92,100,18.01,overcast clouds
105,Nanortalik,GL,60.1432,-45.2371,25.41,80,78,24.92,broken clouds
106,Bom Jesus,BR,-9.0744,-44.3586,73.36,94,100,2.46,overcast clouds
107,Champa,IN,22.05,82.65,70.21,31,0,3.91,clear sky
108,Ibra,OM,22.6906,58.5334,64.15,54,2,1.72,clear sky
109,Arlit,NE,18.7369,7.3853,64.51,10,56,4.92,broken clouds
110,Kassala,SD,15.451,36.4,71.65,47,0,6.67,clear sky
111,Marrakesh,MA,31.6315,-8.0083,46.47,66,0,3.44,clear sky
112,Saint-Philippe,RE,-21.3585,55.7679,83.21,75,83,12.77,light rain
113,Lebu,CL,-37.6167,-73.65,51.75,89,34,6.51,scattered clouds
114,Qaanaaq,GL,77.484,-69.3632,-1.44,64,0,7.02,clear sky
115,Nioro,GM,13.35,-15.75,70.92,72,23,5.08,few clouds
116,Taree,AU,-31.9,152.4667,77.05,60,40,16.11,scattered clouds
117,Haines Junction,CA,60.7522,-137.5108,1.06,97,100,3.83,overcast clouds
118,Laguna,US,38.421,-121.4238,51.98,76,1,1.01,clear sky
119,Tubuala,PA,9.5167,-79.0333,78.33,80,66,13.4,broken clouds
120,Vao,NC,-22.6667,167.4833,79.0,88,99,20.36,overcast clouds
121,Fukuchiyama,JP,35.3,135.1167,57.49,54,99,9.82,overcast clouds
122,Brits,ZA,-25.6347,27.7802,70.81,75,100,2.19,light rain
123,Alyangula,AU,-13.8483,136.4192,91.62,41,66,6.17,broken clouds
124,Fortuna,US,40.5982,-124.1573,48.36,72,90,1.99,moderate rain
125,Diffa,NE,13.3154,12.6113,67.01,26,50,9.82,scattered clouds
126,Tasiilaq,GL,65.6145,-37.6368,37.56,67,100,28.41,overcast clouds
127,Saskylakh,RU,71.9167,114.0833,-45.65,100,70,1.81,broken clouds
128,Melfi,IT,40.9965,15.6514,41.49,92,100,13.58,overcast clouds
129,Gold Coast,AU,-28.0,153.4333,82.38,63,28,17.27,scattered clouds
130,Padang,ID,-0.9492,100.3543,86.05,73,100,3.51,overcast clouds
131,Vaini,TO,-21.2,-175.2,84.36,84,20,6.91,light rain
132,Dyurtyuli,RU,55.4911,54.8688,7.25,94,5,3.78,clear sky
133,Hovd,MN,48.0056,91.6419,9.05,61,0,0.34,clear sky
134,Margate,GB,51.3813,1.3862,52.97,91,99,3.0,overcast clouds
135,Xai-Xai,MZ,-25.0519,33.6442,79.66,63,23,7.96,few clouds
136,Taft,IR,31.7471,54.2088,33.75,60,0,2.3,clear sky
137,Khatanga,RU,71.9667,102.5,-46.21,100,50,3.62,scattered clouds
138,Aloleng,PH,16.1307,119.7824,86.49,60,93,5.44,overcast clouds
139,Dikson,RU,73.5069,80.5464,-13.59,83,100,6.29,overcast clouds
140,Blagoyevo,RU,63.3667,47.9167,12.42,84,100,8.5,overcast clouds
141,Bonavista,CA,48.6499,-53.1147,37.11,90,100,10.22,overcast clouds
142,Marzuq,YE,14.4,46.4667,56.48,49,0,3.24,clear sky
143,Doha,QA,25.2867,51.5333,64.38,63,0,5.75,clear sky
144,Novikovo,RU,51.1537,37.8879,29.12,88,99,9.55,overcast clouds
145,Islamkot,PK,24.6997,70.177,69.39,18,5,7.61,clear sky
146,Upernavik,GL,72.7868,-56.1549,4.64,91,100,9.91,overcast clouds
147,Mount Isa,AU,-20.7333,139.5,98.37,8,0,6.91,clear sky
148,Lashio,MM,22.9333,97.75,71.47,64,23,1.45,few clouds
149,Georgetown,MY,5.4112,100.3354,85.95,62,20,8.05,few clouds
150,Lima,PE,-12.0432,-77.0282,63.14,88,75,9.22,broken clouds
151,Vizinga,RU,61.0749,50.1031,8.67,89,100,6.11,overcast clouds
152,Torbay,CA,47.6666,-52.7314,37.76,96,90,14.97,light rain
153,Sao Filipe,CV,14.8961,-24.4956,74.39,69,75,4.25,broken clouds
154,Atar,MR,20.5169,-13.0499,67.28,17,40,10.74,scattered clouds
155,Poum,NC,-20.2333,164.0167,82.17,79,100,18.5,light rain
156,Mahebourg,MU,-20.4081,57.7,82.26,69,75,13.8,broken clouds
157,Yakeshi,CN,49.2833,120.7333,0.55,85,5,11.5,clear sky
158,East London,ZA,-33.0153,27.9116,67.14,94,90,4.61,fog
159,Ixtapa,MX,20.7,-105.2,70.83,88,1,0.0,clear sky
160,Christchurch,NZ,-43.5333,172.6333,59.32,63,90,3.0,overcast clouds
161,Nanning,CN,22.8167,108.3167,72.05,56,99,7.58,overcast clouds
162,Oranjemund,NA,-28.55,16.4333,59.56,89,61,6.15,broken clouds
163,Veraval,IN,20.9,70.3667,77.07,49,0,9.15,clear sky
164,Thyboron,DK,56.6985,8.2124,36.21,92,100,16.87,overcast clouds
165,Prieska,ZA,-29.6641,22.7474,71.89,57,0,5.57,clear sky
166,Paamiut,GL,61.994,-49.6678,23.99,86,100,23.69,overcast clouds
167,Mendi,PG,-6.1761,143.6513,61.3,95,89,2.73,overcast clouds
168,Lagoa,PT,39.05,-27.9833,61.14,67,100,19.37,overcast clouds
169,Bethel,US,41.3712,-73.414,59.59,77,90,1.99,overcast clouds
170,Aransas Pass,US,27.9095,-97.15,57.2,55,1,7.0,clear sky
171,Buraydah,SA,26.326,43.975,50.5,48,54,4.41,broken clouds
172,Litovko,RU,49.2361,135.1742,18.03,94,100,4.94,light snow
173,Sonoma,US,38.55,-122.9011,48.83,80,90,3.44,overcast clouds
174,Fukue,JP,32.6881,128.8419,57.6,68,38,23.22,scattered clouds
175,Nyimba,ZM,-14.5566,30.8149,73.74,47,44,3.8,scattered clouds
176,Faya,SA,18.3851,42.4509,37.92,39,98,2.82,overcast clouds
177,Ulaangom,MN,49.9811,92.0667,2.66,92,97,1.88,overcast clouds
178,Longyearbyen,SJ,78.2186,15.6401,33.64,69,75,21.85,light intensity drizzle
179,Malaia,RO,45.35,24.0333,36.75,99,100,7.0,light rain
180,Ukiah,US,39.1502,-123.2078,50.63,80,90,5.75,light rain
181,Balikpapan,ID,-1.2675,116.8289,85.59,63,100,6.08,overcast clouds
182,Molina,CL,-35.1167,-71.2833,60.53,77,90,4.61,overcast clouds
183,Tank,PK,32.2217,70.3793,63.46,18,100,0.92,overcast clouds
184,Kudahuvadhoo,MV,2.6708,72.8944,79.48,81,100,19.51,light rain
185,Lusambo,CD,-4.9667,23.45,69.19,99,100,1.43,light rain
186,Bengkulu,ID,-3.8004,102.2655,76.26,89,100,1.36,overcast clouds
187,Xianshuigu,CN,38.985,117.3828,33.8,25,0,15.66,clear sky
188,Olbia,IT,40.9214,9.4856,45.27,69,3,3.71,clear sky
189,Ribeira Grande,PT,38.5167,-28.7,61.86,68,100,16.22,overcast clouds
190,Constitucion,CL,-35.3333,-72.4167,50.7,88,0,5.88,clear sky
191,Muros,ES,42.7762,-9.0603,53.83,96,95,4.16,overcast clouds
192,Libenge,CD,3.65,18.6333,71.22,51,93,2.86,overcast clouds
193,Prince Rupert,CA,54.3161,-130.3201,32.09,93,75,10.36,light snow
194,Hualmay,PE,-11.0964,-77.6139,66.78,88,54,8.23,broken clouds
195,Choma,ZM,-16.8065,26.9531,68.25,41,26,5.01,scattered clouds
196,Krasnoselkup,RU,65.7,82.4667,-16.82,97,75,8.25,broken clouds
197,Dunedin,NZ,-45.8742,170.5036,58.8,51,19,7.0,few clouds
198,Fairbanks,US,64.8378,-147.7164,-4.9,77,90,8.05,mist
199,Chengde,CN,40.9725,117.9361,25.99,27,0,16.67,clear sky
200,Thompson,CA,55.7435,-97.8558,-2.0,91,79,2.75,broken clouds
201,Codrington,AU,-38.2667,141.9667,74.43,42,5,16.33,clear sky
202,Kawalu,ID,-7.3817,108.2082,87.28,55,25,4.99,scattered clouds
203,Katsuura,JP,35.1333,140.3,55.51,65,34,23.02,scattered clouds
204,Escarcega,MX,18.6089,-90.7454,76.87,67,92,2.24,overcast clouds
205,Ketchikan,US,55.3422,-131.6461,32.47,86,90,4.61,light snow
206,Waddan,LY,29.1614,16.139,49.35,47,0,7.23,clear sky
207,Cayambe,EC,0.05,-78.1333,49.26,99,100,4.74,light rain
208,Formosa,AR,-26.1775,-58.1781,75.9,53,85,5.91,overcast clouds
209,Vanimo,PG,-2.6741,141.3028,85.68,68,100,5.55,overcast clouds
210,Nueva Italia,PY,-25.6167,-57.5,78.03,47,76,2.62,broken clouds
211,Bariri,BR,-22.0744,-48.7403,74.95,45,51,2.44,broken clouds
212,Rongcheng,CN,30.634,117.8517,47.62,88,100,5.68,overcast clouds
213,Flinders,AU,-34.5833,150.8552,73.8,66,41,15.17,scattered clouds
214,Ljungby,SE,56.8332,13.9408,30.61,92,100,3.38,overcast clouds
215,Evensk,RU,61.95,159.2333,2.43,59,94,16.42,overcast clouds
216,Pangnirtung,CA,66.1451,-65.7125,-11.58,81,5,4.47,clear sky
217,Coxim,BR,-18.5067,-54.76,80.4,57,93,3.11,overcast clouds
218,San Cristobal,VE,7.7669,-72.225,66.38,95,96,2.75,overcast clouds
219,Niltepec,MX,16.5667,-94.6167,73.85,92,1,3.94,clear sky
220,Port Hardy,CA,50.6996,-127.4199,40.75,80,100,8.1,light rain
221,Noumea,NC,-22.2763,166.4572,87.01,99,99,12.44,light rain
222,Patitirion,GR,39.15,23.8667,58.48,64,14,22.91,few clouds
223,Nantucket,US,41.2835,-70.0995,61.03,91,90,33.38,mist
224,Inirida,CO,3.8653,-67.9239,73.47,97,100,0.58,overcast clouds
225,Svolvaer,NO,68.2342,14.5683,33.39,98,100,6.82,overcast clouds
226,Mbandaka,CD,0.0487,18.2603,74.97,83,100,3.13,overcast clouds
227,Huangmei,CN,30.1924,116.025,49.01,81,100,7.54,overcast clouds
228,Asyut,EG,27.181,31.1837,64.8,29,100,5.19,overcast clouds
229,Emirdag,TR,39.0197,31.15,44.13,82,100,5.73,overcast clouds
230,Cape Coast,GH,5.1053,-1.2466,79.39,84,62,5.37,broken clouds
231,Izumo,JP,35.3667,132.7667,57.85,63,72,15.55,broken clouds
232,Keti Bandar,PK,24.1447,67.4497,70.7,38,89,6.35,overcast clouds
233,Platanos,GR,37.6667,21.6167,57.07,77,99,12.95,overcast clouds
234,Ilulissat,GL,69.2167,-51.1,19.42,58,95,4.61,overcast clouds
235,Ostrovnoy,RU,68.0531,39.5131,24.39,92,99,15.26,overcast clouds
236,San Quintin,MX,30.4833,-115.95,57.43,64,0,8.9,clear sky
237,Carnot,CF,4.9409,15.8665,70.48,33,67,2.48,broken clouds
238,Marks,RU,51.7111,46.7486,19.33,78,8,8.14,clear sky
239,Moussoro,TD,13.6408,16.4901,68.61,24,30,10.47,scattered clouds
240,Asau,RO,46.4333,26.4,40.95,87,100,5.01,light rain
241,Aitape,PG,-3.1374,142.3475,86.11,69,99,6.04,overcast clouds
242,Fartura,BR,-23.3883,-49.51,71.53,47,90,2.46,overcast clouds
243,Comodoro Rivadavia,AR,-45.8667,-67.5,58.86,38,0,27.63,clear sky
244,Dingle,PH,10.9995,122.6711,83.84,78,99,13.04,overcast clouds
245,Saint-Pierre,RE,-21.3393,55.4781,83.28,64,0,3.44,clear sky
246,Komsomolskiy,UZ,40.4272,71.7189,34.52,51,35,4.61,scattered clouds
247,Aklavik,CA,68.2191,-135.0107,-2.63,93,100,20.33,overcast clouds
248,Ponta Do Sol,PT,32.6667,-17.1,65.01,78,54,3.38,broken clouds
249,Coruripe,BR,-10.1256,-36.1756,77.79,78,2,11.52,clear sky
250,San Ignacio,BZ,17.1561,-89.0714,71.4,97,7,2.75,clear sky
251,Souillac,MU,-20.5167,57.5167,82.36,69,75,13.8,broken clouds
252,Marystown,CA,47.1666,-55.1483,39.85,100,100,16.42,overcast clouds
253,Luanda,AO,-8.8368,13.2343,76.3,92,100,6.55,moderate rain
254,Abu Dhabi,AE,24.4667,54.3667,72.97,65,20,2.3,few clouds
255,Olutanga,PH,7.3106,122.8464,82.53,78,100,1.39,overcast clouds
256,Balabac,PH,7.9868,117.0645,82.33,80,100,12.35,moderate rain
257,Sola,VU,-13.8833,167.55,78.91,86,100,13.2,overcast clouds
258,Yanliang,CN,34.6592,109.2292,45.72,30,78,2.62,broken clouds
259,Salihorsk,BY,52.7876,27.5415,37.44,98,100,3.78,overcast clouds
260,Kruisfontein,ZA,-34.0033,24.7314,63.88,71,92,2.01,overcast clouds
261,Koungou,YT,-12.7336,45.2042,82.11,74,75,13.8,broken clouds
262,Teguldet,RU,57.3064,88.1667,11.68,94,100,6.49,overcast clouds
263,Charters Towers,AU,-20.1,146.2667,95.83,26,43,3.58,light rain
264,Pisco,PE,-13.7,-76.2167,64.45,88,0,10.36,clear sky
265,Loreto,MX,22.2667,-101.9667,55.47,47,43,9.6,scattered clouds
266,Chiang Klang,TH,19.2938,100.8617,77.43,62,86,2.06,overcast clouds
267,Mormugao,IN,15.4,73.8,80.55,65,15,9.26,few clouds
268,Sabzevar,IR,36.2126,57.6819,43.68,52,0,3.42,clear sky
269,Hasaki,JP,35.7333,140.8333,61.2,60,55,19.57,broken clouds
270,Basco,PH,20.4487,121.9702,76.84,62,90,20.98,overcast clouds
271,Cidreira,BR,-30.1811,-50.2056,67.17,83,74,6.46,broken clouds
272,Ziarat,PK,30.3823,67.7282,41.38,14,31,2.06,scattered clouds
273,Viedma,AR,-40.8135,-62.9967,69.91,35,100,4.59,overcast clouds
274,Port Hedland,AU,-20.3167,118.5667,95.05,63,3,14.97,clear sky
275,Vila Franca Do Campo,PT,37.7167,-25.4333,65.19,89,100,16.71,overcast clouds
276,Severo-Yeniseyskiy,RU,60.3725,93.0408,4.78,96,100,2.93,overcast clouds
277,Lorengau,PG,-2.0226,147.2712,85.59,77,100,15.1,overcast clouds
278,Filingue,NE,14.3521,3.3168,71.51,18,68,9.71,broken clouds
279,Shimoda,JP,34.6667,138.95,63.1,59,2,17.76,clear sky
280,Klaksvik,FO,62.2266,-6.589,45.52,80,86,27.54,overcast clouds
281,Broome,US,42.2506,-75.833,42.84,66,90,7.0,overcast clouds
282,Mersing,MY,2.4312,103.8405,80.98,83,96,12.37,light rain
283,Chapada Dos Guimaraes,BR,-15.4606,-55.7497,73.06,96,100,4.83,moderate rain
284,Meulaboh,ID,4.1363,96.1285,84.85,68,11,2.15,few clouds
285,Letychiv,UA,49.3826,27.6305,40.42,94,100,10.02,overcast clouds
286,Uberaba,BR,-19.7483,-47.9319,73.06,70,78,4.5,broken clouds
287,Escanaba,US,45.7453,-87.0646,30.51,82,1,12.66,clear sky
288,Katima Mulilo,NA,-17.5,24.2667,74.77,59,81,3.42,broken clouds
289,Nimaparha,IN,20.0667,86.0167,75.27,62,8,8.43,clear sky
290,Maniitsoq,GL,65.4167,-52.9,20.97,87,95,10.94,light snow
291,Camargo,MX,27.6667,-105.1667,55.99,42,2,7.61,clear sky
292,Quatre Cocos,MU,-20.2078,57.7625,82.09,64,20,14.81,few clouds
293,Nieuw Amsterdam,SR,5.8833,-55.0833,77.16,89,100,8.05,overcast clouds
294,The Pas,CA,53.8251,-101.2541,14.02,85,75,4.61,broken clouds
295,Krylovskaya,RU,46.3194,39.9711,31.91,84,66,14.81,broken clouds
296,La Ronge,CA,55.1001,-105.2842,8.85,92,75,2.3,broken clouds
297,Hefei,CN,31.8639,117.2808,48.52,80,100,6.69,overcast clouds
298,Verkh-Usugli,RU,52.7,115.1667,-0.24,75,43,3.0,scattered clouds
299,Ponca City,US,36.707,-97.0856,37.36,51,1,5.75,clear sky
300,Lincoln,US,40.8,-96.667,35.04,57,1,3.0,clear sky
301,Kuala Terengganu,MY,5.3302,103.1408,81.0,77,54,8.7,broken clouds
302,Vardo,NO,70.3705,31.1107,28.11,85,100,16.89,overcast clouds
303,Emba,KZ,48.8264,58.1442,15.01,83,41,18.3,scattered clouds
304,Aripuana,BR,-9.1667,-60.6333,73.62,99,94,1.63,overcast clouds
305,Entre Rios,BR,-11.9419,-38.0844,69.6,98,8,2.15,clear sky
306,Turukhansk,RU,65.8167,87.9833,-16.28,91,72,6.42,broken clouds
307,Provideniya,RU,64.3833,-173.3,-8.63,79,0,7.87,clear sky
308,Bayan,CN,46.0833,127.4,12.58,83,99,16.4,overcast clouds
309,Amahai,ID,-3.3333,128.9167,88.47,61,26,7.94,scattered clouds
310,Sosnovo-Ozerskoye,RU,52.5249,111.5418,4.21,83,100,10.09,overcast clouds
311,Coquimbo,CL,-29.9533,-71.3436,58.73,88,0,3.44,clear sky
312,Burnie,AU,-41.0667,145.9167,64.92,54,4,11.86,clear sky
313,Moa,CU,20.6569,-74.9403,78.49,80,41,12.62,scattered clouds
314,Misratah,LY,32.3754,15.0925,57.94,51,76,20.0,broken clouds
315,Kavaratti,IN,10.5669,72.642,82.06,71,69,9.15,broken clouds
316,Vanino,RU,49.0869,140.2543,24.69,92,100,3.6,overcast clouds
317,Stykkisholmur,IS,65.0757,-22.7297,37.35,94,95,12.64,overcast clouds
318,Tura,IN,25.5198,90.2201,70.95,36,0,1.14,clear sky
319,Tateyama,JP,34.9833,139.8667,64.67,62,8,24.49,clear sky
320,Garoua,CM,9.3,13.4,71.01,24,80,1.77,broken clouds
321,Eureka,US,40.8021,-124.1637,48.63,83,100,8.99,moderate rain
322,San Patricio,US,28.017,-97.5169,57.06,37,72,10.45,broken clouds
323,Tongliao,CN,43.6125,122.2653,16.21,68,0,17.29,clear sky
324,Bellmead,US,31.594,-97.1089,41.56,72,1,0.0,clear sky
325,Rabo De Peixe,PT,37.8,-25.5833,64.27,95,40,16.11,scattered clouds
326,Kampot,KH,10.6167,104.1833,86.05,62,44,15.7,scattered clouds
327,Pailon,BO,-17.65,-62.75,76.1,97,100,5.64,moderate rain
328,College,US,64.8569,-147.8028,-5.42,77,90,4.61,mist
329,Saint-Augustin,CA,51.226,-58.6502,26.96,72,100,12.1,overcast clouds
330,Kaitangata,NZ,-46.2817,169.8464,55.92,55,4,9.48,clear sky
331,Chokurdakh,RU,70.6333,147.9167,-46.16,99,93,1.95,overcast clouds
332,Tabora,TZ,-5.0167,32.8,64.78,90,61,6.11,light rain
333,Alice Springs,AU,-23.7,133.8833,94.55,14,1,5.75,clear sky
334,Kapan,AM,39.2075,46.4058,43.38,36,47,2.39,scattered clouds
335,Vuktyl,RU,63.8567,57.3094,11.26,87,86,7.27,overcast clouds
336,Bilma,NE,18.6853,12.9164,60.55,14,24,6.42,few clouds
337,Saint Anthony,US,45.0205,-93.218,24.58,75,1,1.99,clear sky
338,Hobyo,SO,5.3505,48.5268,78.42,78,25,19.44,scattered clouds
339,Yinchuan,CN,38.4681,106.2731,27.86,28,0,0.81,clear sky
340,Tuatapere,NZ,-46.1333,167.6833,57.81,46,0,9.64,clear sky
341,San Juan,AR,-31.5375,-68.5364,80.28,31,0,12.48,clear sky
342,Pomabamba,PE,-8.8333,-77.4667,50.7,83,55,6.38,broken clouds
343,Bandipur,NP,27.9333,84.4167,56.21,46,22,1.07,few clouds
344,Cozumel,MX,20.5083,-86.9458,77.11,82,6,3.0,clear sky
345,Lavrentiya,RU,65.5833,-171.0,-13.88,85,7,8.05,clear sky
346,Preston,GB,53.7667,-2.7167,52.18,96,100,5.06,overcast clouds
347,Lata,PT,40.1629,-8.3327,50.07,92,33,3.22,scattered clouds
348,Bambous Virieux,MU,-20.3428,57.7575,82.22,69,75,13.8,broken clouds
349,Morros,BR,-9.4467,-46.3003,71.08,98,100,6.71,overcast clouds
350,Vrangel,RU,42.7297,133.0839,28.74,43,13,22.68,few clouds
351,Labuhan,ID,-6.8844,112.2051,87.15,60,85,4.05,overcast clouds
352,Dehloran,IR,32.6941,47.2679,58.26,33,0,3.09,clear sky
353,Airai,TL,-8.9266,125.4092,73.17,71,66,0.69,broken clouds
354,Narsaq,GL,60.9167,-46.05,19.62,86,44,6.24,scattered clouds
355,Bagdarin,RU,54.4333,113.6,-5.1,77,91,2.26,overcast clouds
356,Sangar,RU,63.9242,127.4739,-11.06,96,100,5.86,overcast clouds
357,Mgachi,RU,51.05,142.2667,23.68,88,93,3.85,overcast clouds
358,Muskegon,US,43.3,-86.1334,39.25,66,1,13.8,clear sky
359,Rio De Janeiro,BR,-22.9028,-43.2075,77.0,83,40,3.44,scattered clouds
360,Imphal,IN,24.8167,93.95,57.11,88,75,0.0,mist
361,Sugod,PH,12.987,124.0805,80.15,88,100,15.39,overcast clouds
362,High Level,CA,58.5169,-117.136,-10.21,100,58,3.8,broken clouds
363,Mae Ramat,TH,16.984,98.5166,82.72,45,0,6.31,clear sky
364,Kishapu,TZ,-3.6167,33.8667,69.37,66,85,7.94,overcast clouds
365,Chon Daen,TH,16.1895,100.8596,82.81,42,0,8.66,clear sky
366,Natal,BR,-5.795,-35.2094,80.82,78,40,12.66,scattered clouds
367,Ancud,CL,-41.8697,-73.8203,49.53,84,81,17.38,light rain
368,Flagstaff,US,35.1981,-111.6513,30.31,83,1,1.01,clear sky
369,Umuarama,BR,-23.7664,-53.325,75.96,35,100,6.06,overcast clouds
370,Santa Ines,BR,-3.6667,-45.38,75.87,89,85,3.6,moderate rain
371,Paralimni,CY,35.0375,33.9833,63.09,78,0,8.99,clear sky
372,Joshimath,IN,30.5667,79.5667,52.63,27,97,2.35,overcast clouds
373,Leningradskiy,RU,69.3833,178.4167,-31.34,94,33,5.88,scattered clouds
374,Tingo Maria,PE,-9.2895,-76.0088,70.21,98,71,1.95,broken clouds
375,Juneau,US,58.3019,-134.4197,30.25,96,75,0.0,broken clouds
376,Ust-Kishert,RU,57.3654,57.2495,0.0,98,9,3.06,clear sky
377,Itaqui,BR,-29.1253,-56.5531,73.83,53,91,6.35,overcast clouds
378,Sovetsk,RU,55.0839,21.8785,30.79,93,100,4.61,overcast clouds
379,Kirovsk,UA,48.6375,38.6428,29.68,92,33,11.7,scattered clouds
380,Del Gallego,PH,13.9223,122.5954,82.18,80,100,12.41,overcast clouds
381,Ribeirao Branco,BR,-24.2208,-48.7656,66.36,57,99,0.63,overcast clouds
382,Marsabit,KE,2.3284,37.9899,62.17,67,9,9.78,clear sky
383,Sayyan,YE,15.1718,44.3244,40.53,66,0,4.61,clear sky
384,Chenzhou,CN,25.8,113.0333,50.07,86,100,6.46,overcast clouds
385,Cumana,VE,10.4635,-64.1775,77.09,86,100,8.55,overcast clouds
386,Nova Olimpia,BR,-14.7972,-57.2881,74.39,96,100,3.33,light rain
387,Adrar,MR,20.5022,-10.0711,62.44,21,67,9.78,broken clouds
388,Porto Velho,BR,-8.7619,-63.9039,78.85,94,0,0.0,clear sky
389,Benguela,AO,-12.5763,13.4055,77.14,82,93,1.41,overcast clouds
390,Pelym,RU,61.0108,61.9978,14.45,83,61,7.4,broken clouds
391,Porto Novo,BJ,6.4965,2.6036,80.42,83,70,4.56,broken clouds
392,Lincolnton,US,35.4737,-81.2545,60.26,66,75,7.0,broken clouds
393,Senneterre,CA,48.3835,-77.2328,23.22,90,100,18.12,light snow
394,Belmonte,BR,-15.8631,-38.8828,77.5,89,5,7.09,clear sky
395,Kwinana,AU,-32.25,115.7667,76.3,57,0,21.65,clear sky
396,Kurilsk,RU,45.2333,147.8833,38.46,74,89,13.33,overcast clouds
397,Sorland,NO,67.667,12.6934,38.73,81,100,9.24,overcast clouds
398,Qaqortoq,GL,60.7167,-46.0333,19.9,89,51,3.78,broken clouds
399,Dandong,CN,40.1292,124.3947,28.26,29,1,17.09,clear sky
400,Anyama,CI,5.4946,-4.0518,79.61,85,36,1.97,scattered clouds
401,Sinnamary,GF,5.3833,-52.95,77.18,92,99,11.59,heavy intensity rain
402,Alice,US,27.7523,-98.0697,55.31,43,1,9.22,clear sky
403,Taoudenni,ML,22.6783,-3.9836,61.99,22,8,10.2,clear sky
404,Cayenne,GF,4.9333,-52.3333,80.1,87,75,4.0,light rain
405,San Ramon,US,37.7799,-121.978,50.38,79,1,0.0,clear sky
406,Port Lincoln,AU,-34.7333,135.8667,83.43,36,57,7.87,light rain
407,Boa Esperanca Do Sul,BR,-21.9925,-48.3908,69.76,46,91,2.46,overcast clouds
408,Moron,AR,-34.6534,-58.6198,75.02,74,7,1.99,clear sky
409,Leh,IN,34.1667,77.5833,9.32,48,98,2.39,overcast clouds
410,Port Augusta,AU,-32.5,137.7667,95.7,9,1,11.79,clear sky
411,Mirabad,AF,30.4362,61.8383,51.66,43,0,8.01,clear sky
412,Thinadhoo,MV,0.5333,72.9333,80.65,77,40,8.03,scattered clouds
413,Baoqing,CN,46.3317,132.2111,17.47,83,99,15.82,overcast clouds
414,Gogrial,SS,8.5332,28.1004,73.08,36,5,4.47,clear sky
415,Inuvik,CA,68.3499,-133.7218,-3.14,77,90,11.5,light snow
416,Araouane,ML,18.9048,-3.5265,63.14,10,6,9.26,clear sky
417,Trairi,BR,-3.2778,-39.2689,80.33,76,24,11.5,few clouds
418,Buritizeiro,BR,-17.3511,-44.9622,70.27,93,71,3.69,broken clouds
419,Miri,MY,4.4148,114.0089,89.74,66,40,9.22,scattered clouds
420,Oussouye,SN,12.485,-16.5469,71.78,85,41,5.3,scattered clouds
421,Nome,US,64.5011,-165.4064,-7.53,71,1,3.44,clear sky
422,Santa Maria,BR,-29.6842,-53.8069,68.61,61,90,4.81,overcast clouds
423,Ambanja,MG,-13.6833,48.45,76.03,79,100,2.42,overcast clouds
424,Chicama,PE,-7.8447,-79.1469,67.51,81,43,5.57,scattered clouds
425,Guerrero Negro,MX,27.9769,-114.0611,62.62,64,0,11.99,clear sky
426,Port Blair,IN,11.6667,92.75,83.34,67,10,16.08,clear sky
427,Nemuro,JP,43.3236,145.575,42.76,67,8,7.76,clear sky
428,Gladstone,AU,-23.85,151.25,88.79,51,3,17.27,clear sky
429,Aberdeen,GB,57.1437,-2.0981,43.29,87,100,6.91,overcast clouds
430,Shelburne,CA,44.0787,-80.2041,33.85,86,94,22.21,overcast clouds
431,Samarai,PG,-10.6167,150.6667,85.91,72,70,21.77,broken clouds
432,Riyadh,SA,24.6877,46.7219,53.65,40,0,0.0,clear sky
433,Am Timan,TD,11.0297,20.2827,71.82,26,69,6.44,broken clouds
434,Talcahuano,CL,-36.7167,-73.1167,55.08,88,20,4.61,few clouds
435,Seoul,KR,37.5683,126.9778,43.99,28,35,16.6,scattered clouds
436,Omama,JP,36.4333,139.2833,61.45,48,50,3.6,scattered clouds
437,Storsteinnes,NO,69.2408,19.2344,30.38,95,100,6.24,light snow
438,Zhezkazgan,KZ,47.8043,67.7144,26.58,100,90,6.71,light snow
439,Amarante Do Maranhao,BR,-5.5667,-46.7422,73.27,95,99,1.74,overcast clouds
440,Imbituba,BR,-28.24,-48.6703,71.49,93,77,3.78,broken clouds
441,Kuusamo,FI,65.9667,29.1833,19.44,93,90,6.91,light snow
442,Rocha,UY,-34.4833,-54.3333,57.54,95,0,5.77,clear sky
443,Inverurie,GB,57.2845,-2.3774,44.62,90,100,3.0,overcast clouds
444,Atambua,ID,-9.1061,124.8925,84.56,68,58,4.36,broken clouds
445,Eyl,SO,7.9803,49.8164,76.6,76,24,19.19,few clouds
446,Banjar,ID,-8.19,114.9675,87.66,71,83,1.77,broken clouds
447,Lodja,CD,-3.4833,23.4333,67.93,99,100,2.15,overcast clouds
448,Port Hawkesbury,CA,45.6169,-61.3485,57.58,96,90,8.99,overcast clouds
449,Teya,RU,60.3778,92.6267,7.93,95,100,2.17,overcast clouds
450,Te Anau,NZ,-45.4167,167.7167,66.43,36,16,2.66,few clouds
451,Voh,NC,-20.9667,164.7,82.2,73,100,4.76,light rain
452,Zalari,RU,53.5584,102.5065,11.37,75,100,2.17,overcast clouds
453,Mayakonda,IN,14.2833,76.0833,74.07,70,59,15.93,broken clouds
454,Carlos Chagas,BR,-17.7031,-40.7664,69.84,97,42,1.52,scattered clouds
455,Morondava,MG,-20.2833,44.2833,82.35,70,68,3.38,broken clouds
456,Aswan,EG,24.0934,32.907,68.56,69,100,5.75,overcast clouds
457,Isangel,VU,-19.55,169.2667,86.11,79,75,4.61,broken clouds
458,Clarence Town,AU,-32.5833,151.7833,72.86,59,90,9.51,overcast clouds
459,Yerbogachen,RU,61.2767,108.0108,-4.86,96,100,5.99,light snow
460,Isla Vista,US,34.4133,-119.861,57.13,62,1,0.0,clear sky
461,Daru,PG,-9.0763,143.2092,83.28,73,98,10.98,overcast clouds
462,Rumes,BE,50.5446,3.3209,45.59,92,90,11.5,overcast clouds
463,Mitu,CO,1.1983,-70.1733,72.36,95,100,2.42,overcast clouds
464,Sechura,PE,-5.5569,-80.8222,69.22,77,99,10.42,overcast clouds
465,Arman,RU,59.7,150.1667,14.02,82,100,6.91,overcast clouds
466,Mount Gambier,AU,-37.8333,140.7667,84.4,24,0,5.48,clear sky
467,Killybegs,IE,54.6333,-8.45,48.45,88,97,7.83,light rain
468,Susanville,US,40.4163,-120.653,39.04,48,90,3.44,overcast clouds
469,Pinega,RU,64.7001,43.3936,11.84,88,97,8.61,overcast clouds
470,Qujing,CN,25.4833,103.7833,42.98,91,100,9.33,overcast clouds
471,Ler,SS,8.3018,30.1418,74.34,34,6,5.64,clear sky
472,Bluefields,NI,12.0137,-83.7635,74.66,91,1,4.16,clear sky
473,Rudolstadt,DE,50.7167,11.3333,36.73,88,91,4.72,overcast clouds
474,Empalme,MX,27.9667,-110.8167,63.91,49,0,8.34,clear sky
475,Agadez,NE,19.75,10.25,57.81,13,78,5.57,broken clouds
476,Cabo San Lucas,MX,22.8909,-109.9124,73.51,69,1,3.69,clear sky
477,Tanout,NE,14.9709,8.8879,61.18,11,16,11.74,few clouds
478,Sibu,MY,2.3,111.8167,86.31,74,40,5.75,scattered clouds
479,Rio Grande,BR,-32.035,-52.0986,64.94,82,0,8.9,clear sky
480,Ekibastuz,KZ,51.6667,75.3667,12.99,94,100,9.82,overcast clouds
481,Almaznyy,RU,48.0448,40.045,28.54,84,36,12.88,scattered clouds
482,Kenai,US,60.5544,-151.2583,6.85,68,20,9.22,mist
483,Vila Velha,BR,-20.3297,-40.2925,76.95,89,75,7.0,broken clouds
484,Kijang,KR,35.2442,129.2139,55.13,46,39,12.8,scattered clouds
485,Tautira,PF,-17.7333,-149.15,82.42,70,44,6.96,scattered clouds
486,Tocopilla,CL,-22.092,-70.1979,66.25,67,1,5.53,clear sky
487,Wanning,CN,18.8003,110.3967,77.23,61,2,16.37,clear sky
488,Serov,RU,59.6033,60.5787,19.71,70,72,8.37,broken clouds
489,Payakumbuh,ID,-0.2202,100.6308,73.87,93,100,1.25,overcast clouds
490,Malanje,AO,-9.5402,16.341,64.0,99,100,2.95,moderate rain
491,Troina,IT,37.7854,14.5985,41.31,92,100,6.46,overcast clouds
492,Palu,ID,-0.8917,119.8707,85.86,77,94,4.23,overcast clouds
493,Bereza,RU,53.5183,50.1397,8.62,78,0,4.47,clear sky
494,Chapais,CA,49.7834,-74.8492,31.78,97,99,17.76,light snow
495,Alihe,CN,50.5667,123.7167,9.72,54,20,11.12,few clouds
496,Port Keats,AU,-14.25,129.55,92.26,53,55,11.21,broken clouds
497,Torrington,US,41.8007,-73.1212,59.77,82,100,5.99,light rain
498,Nipawin,CA,53.3668,-104.0009,21.24,93,1,13.8,clear sky
499,Brigantine,US,39.4101,-74.3646,57.49,89,90,24.16,heavy intensity rain
500,Petropavlovsk-Kamchatskiy,RU,53.0452,158.6483,32.59,75,75,22.37,light shower snow
501,Marsa Matruh,EG,31.3525,27.2453,59.02,51,100,8.93,overcast clouds
502,Omsukchan,RU,62.5333,155.8,-16.53,97,96,1.61,overcast clouds
503,Ekhabi,RU,53.5102,142.9671,28.18,89,99,11.52,overcast clouds
504,Mattawa,US,46.7379,-119.9028,50.52,73,5,8.99,clear sky
505,Myitkyina,MM,25.3833,97.4,74.98,51,0,2.75,clear sky
506,Mamallapuram,IN,12.6264,80.1722,82.45,73,52,15.86,broken clouds
507,Babushkin,RU,51.7122,105.8647,20.39,59,87,9.98,overcast clouds
508,Lensk,RU,60.7253,114.9278,-11.16,92,100,3.47,overcast clouds
509,Broken Hill,AU,-31.95,141.4333,86.81,13,0,1.83,clear sky
510,Paranhos,BR,-23.8928,-55.4311,78.33,31,100,1.97,overcast clouds
511,Pitimbu,BR,-7.4706,-34.8086,79.39,72,2,10.13,clear sky
512,Inzhavino,RU,52.3185,42.4937,22.96,58,94,8.77,overcast clouds
513,Neftekamsk,RU,56.092,54.2703,2.71,97,6,3.0,clear sky
514,Panaba,MX,21.2833,-88.2667,70.97,94,58,6.91,broken clouds
515,Atagay,RU,55.1033,99.3875,22.21,94,100,2.98,snow
516,Ola,RU,59.5833,151.2833,14.14,77,100,11.63,overcast clouds
517,Raudeberg,NO,61.9875,5.1352,41.2,77,100,10.0,overcast clouds
518,Zhanaozen,KZ,43.3,52.8,35.19,86,47,8.46,scattered clouds
519,Moree,AU,-29.4667,149.85,86.02,28,75,12.66,broken clouds
520,Sitka,US,57.0531,-135.33,33.69,60,90,9.22,overcast clouds
521,Lompoc,US,34.6391,-120.4579,52.12,80,1,3.44,clear sky
522,Ust-Koksa,RU,50.2696,85.6108,12.6,74,94,0.6,overcast clouds
523,Tallahassee,US,30.4383,-84.2807,71.67,94,75,1.99,light rain
524,Puerto Escondido,MX,15.85,-97.0667,79.63,73,20,0.0,few clouds
525,Champerico,GT,14.3,-91.9167,79.03,81,0,9.04,clear sky
526,Henties Bay,NA,-22.116,14.2845,57.85,92,0,6.87,clear sky
527,Shemgang,BT,27.2169,90.6579,55.44,49,5,4.68,clear sky
528,Sao Joao De Pirabas,BR,-0.7747,-47.1772,78.8,81,21,7.72,few clouds
529,Likasi,CD,-10.9814,26.7333,65.97,66,81,0.63,broken clouds
530,Norman Wells,CA,65.282,-126.8329,-3.96,71,75,12.66,light snow
531,Luderitz,NA,-26.6481,15.1594,58.66,79,69,10.25,broken clouds
532,Mahuva,IN,21.0914,71.7622,76.39,51,0,12.1,clear sky
533,Kingsland,US,30.8,-81.6898,71.62,92,88,5.59,overcast clouds
534,Tazovskiy,RU,67.4667,78.7,-11.83,82,100,6.31,overcast clouds
535,Zhuhai,CN,22.2769,113.5678,77.72,60,0,6.71,clear sky
536,Moroni,KM,-11.7022,43.2551,82.4,69,40,11.5,scattered clouds
537,Grand-Lahou,CI,5.1367,-5.0242,78.66,84,26,3.44,scattered clouds
538,Mandalgovi,MN,45.7625,106.2708,13.19,50,2,15.86,clear sky
539,Babu,CN,24.4167,111.5167,66.51,55,7,11.05,clear sky
540,Troitsko-Pechorsk,RU,62.7084,56.1964,10.89,83,87,7.74,overcast clouds
541,Pafos,CY,34.7667,32.4167,64.31,62,0,8.05,clear sky
542,Rumia,PL,54.5709,18.388,31.89,89,67,8.81,broken clouds
543,Tarabuco,BO,-19.1667,-64.9167,51.22,85,78,5.61,broken clouds
544,Wajima,JP,37.4,136.9,54.28,93,75,9.22,mist
545,Aykhal,RU,66.0,111.5,-37.21,100,38,1.45,scattered clouds
546,Yabelo,ET,4.8833,38.0833,56.46,44,16,13.38,few clouds
547,Anadyr,RU,64.75,177.4833,-28.7,75,0,11.18,clear sky
548,Morant Bay,JM,17.8815,-76.4093,78.42,79,1,6.35,clear sky
549,Portland,US,45.5234,-122.6762,47.89,93,75,1.01,broken clouds
550,Iranshahr,IR,27.2025,60.6848,55.74,24,0,4.61,clear sky
551,Dwarka,IN,22.2394,68.9678,75.31,53,0,8.9,clear sky
552,Felanitx,ES,39.4696,3.1483,46.13,76,5,3.06,clear sky
553,Hetauda,NP,27.4284,85.0322,65.55,29,15,3.74,few clouds
554,Liwale,TZ,-9.7667,37.9333,72.23,87,100,5.23,overcast clouds
555,Huejucar,MX,22.35,-103.2167,58.12,35,57,0.27,broken clouds
556,Ostrowiec Swietokrzyski,PL,50.9294,21.3853,33.87,89,100,6.08,overcast clouds
557,Pierre,US,44.3683,-100.351,31.28,64,1,10.0,clear sky
558,Chino Valley,US,34.7575,-112.4538,39.36,56,1,3.44,clear sky
559,Florianopolis,BR,-27.6146,-48.5012,69.03,97,40,3.44,scattered clouds
560,Los Palmitos,CO,9.379,-75.2677,73.89,89,100,6.38,overcast clouds
561,Edgewater,US,28.9889,-80.9023,72.01,82,54,5.73,broken clouds
562,Evanston,US,42.0411,-87.6901,34.47,73,1,1.01,clear sky
563,Altotonga,MX,19.7667,-97.2333,54.93,98,100,5.7,overcast clouds
564,Zaysan,KZ,47.4667,84.8667,8.38,83,39,1.34,scattered clouds
565,Kamina,CD,-8.7386,24.9906,61.88,96,90,2.89,overcast clouds
566,Moyale,KE,3.5167,39.0584,67.62,44,5,9.89,clear sky
567,Elko,US,41.0002,-115.5012,32.02,57,100,5.01,overcast clouds
568,Mehamn,NO,71.0357,27.8492,27.3,82,100,7.25,overcast clouds
569,Sanmenxia,CN,34.7747,111.1814,44.46,29,12,8.5,few clouds
570,Kuliyapitiya,LK,7.4688,80.0401,85.1,58,41,8.34,scattered clouds
571,Limbdi,IN,22.5667,71.8,72.64,34,0,7.2,clear sky
572,Roswell,US,34.0232,-84.3616,51.22,81,40,3.0,scattered clouds
573,Manacapuru,BR,-3.2997,-60.6206,75.78,94,100,2.59,light rain
574,Semme,FR,46.1963,1.5007,39.61,94,99,3.83,overcast clouds
575,Salou,ES,41.0766,1.1416,50.29,86,0,6.91,clear sky
576,Pergamino,AR,-33.89,-60.5736,73.26,47,37,7.9,scattered clouds
577,Shoranur,IN,10.7667,76.2833,85.01,65,17,6.38,few clouds
578,Yumen,CN,40.2833,97.2,24.75,41,0,6.62,clear sky
579,Buala,SB,-8.145,159.5921,83.34,79,92,5.91,moderate rain
580,Lewisporte,CA,49.2499,-55.0482,33.55,96,100,5.64,overcast clouds
581,Ojinaga,MX,29.5667,-104.4167,52.75,32,1,8.05,clear sky
582,Rio Gallegos,AR,-51.6226,-69.2181,50.05,87,90,8.05,overcast clouds
583,Rajauri,IN,33.3833,74.3,57.0,28,100,1.63,overcast clouds
584,Atasu,KZ,48.6814,71.6433,22.24,86,94,2.17,overcast clouds
585,Bestobe,KZ,52.4994,73.0975,9.39,87,100,10.87,overcast clouds
586,Mildura,AU,-34.2,142.15,91.36,10,0,1.14,clear sky
587,Touros,BR,-5.1989,-35.4608,79.7,68,56,14.0,broken clouds
588,Elk River,US,45.3038,-93.5672,24.57,79,22,1.01,few clouds
589,Carinhanha,BR,-14.3047,-43.765,70.16,96,65,4.34,light rain
590,Urucara,BR,-2.5364,-57.76,75.74,97,100,1.92,overcast clouds
591,Thanh Hoa,VN,19.8,105.7667,77.58,54,48,6.49,scattered clouds
592,Upata,VE,8.0086,-62.3989,69.6,98,99,2.17,overcast clouds
593,San Carlos,VE,9.6612,-68.5827,69.84,77,44,3.74,scattered clouds
594,Shakawe,BW,-18.3667,21.85,69.87,78,99,2.55,light rain
595,Floresta,BR,-8.6011,-38.5686,78.33,64,33,14.36,scattered clouds
596,Santa Cruz Cabralia,BR,-16.2781,-39.0247,77.23,94,75,3.44,broken clouds
597,Qostanay,KZ,53.1667,63.5833,-0.11,85,0,6.71,clear sky
598,Katherine,AU,-14.4667,132.2667,98.92,26,92,6.91,overcast clouds
599,Karlstad,SE,59.3793,13.5036,32.56,100,90,2.3,mist
600,Belaya Gora,RU,68.5333,146.4167,-32.24,89,100,2.19,overcast clouds
601,Mezen,RU,65.8522,44.24,11.35,89,100,7.56,overcast clouds
602,Nador,MA,35.174,-2.9287,50.25,87,0,2.3,clear sky
603,Kununurra,AU,-15.7667,128.7333,102.18,29,37,6.91,scattered clouds
604,Naze,JP,28.3667,129.4833,68.92,58,77,7.52,broken clouds
605,Diamantina,BR,-18.2494,-43.6003,61.54,95,68,3.74,broken clouds
606,Sotouboua,TG,8.5667,0.9833,73.15,32,39,0.96,scattered clouds
607,Sivaki,RU,52.6333,126.75,6.85,73,100,11.63,overcast clouds
608,The Valley,AI,18.217,-63.0578,80.46,74,0,24.65,clear sky
609,Traverse City,US,44.7631,-85.6206,35.94,75,1,10.36,clear sky
610,Smithers,CA,54.7804,-127.1743,17.92,93,75,3.44,broken clouds
611,Manga,BF,11.6636,-1.0731,73.63,21,81,8.14,broken clouds
612,Bichura,RU,50.5881,107.6022,14.04,67,29,3.24,scattered clouds
613,Praia Da Vitoria,PT,38.7333,-27.0667,62.85,88,40,15.1,scattered clouds
614,Iquitos,PE,-3.7481,-73.2472,77.04,94,75,0.0,broken clouds
615,Rjukan,NO,59.8789,8.5941,32.81,97,100,2.75,light snow
616,Tokomaru,NZ,-40.4667,175.5,57.38,97,100,8.93,overcast clouds
617,Abalak,RU,58.1286,68.5944,2.71,97,42,4.61,scattered clouds
618,Chute-Aux-Outardes,CA,49.1168,-68.399,35.91,100,90,17.27,mist
619,Tawang,IN,27.5833,91.8667,47.46,40,2,5.06,clear sky
620,Kalmunai,LK,7.4167,81.8167,83.08,74,33,11.92,scattered clouds
621,Mogadishu,SO,2.0371,45.3438,78.04,81,32,15.57,scattered clouds
622,Jumla,NP,29.2747,82.1838,50.61,15,85,1.03,overcast clouds
623,Churapcha,RU,62.0025,132.4325,-27.56,100,100,1.12,overcast clouds
624,Landau,DE,49.2075,8.1133,37.78,91,82,5.46,broken clouds
625,Marawi,PH,7.9986,124.2928,75.65,72,100,5.37,overcast clouds
626,Isla Mujeres,MX,21.2311,-86.731,77.16,76,22,10.4,few clouds
627,Kanina,CD,-10.7341,25.4699,60.44,94,99,1.32,overcast clouds
628,Teahupoo,PF,-17.8333,-149.2667,76.96,71,58,7.72,broken clouds
629,Safford,US,32.834,-109.7076,50.11,39,1,9.22,clear sky
630,Schweinfurt,DE,50.05,10.2333,37.83,95,98,6.42,overcast clouds
631,Alofi,NU,-19.0595,-169.9187,82.29,69,10,6.91,clear sky
632,Charlestown,AU,-32.95,151.6667,72.73,66,51,5.01,broken clouds
633,Santa Rosa,PH,14.3122,121.1114,86.11,70,68,15.28,broken clouds
634,Lhokseumawe,ID,5.1801,97.1507,83.3,71,96,6.85,overcast clouds
635,Sovetskiy,RU,61.3614,63.5842,15.98,76,87,10.74,overcast clouds
636,Houma,US,29.5958,-90.7195,55.99,79,92,11.61,overcast clouds
637,Dakar,SN,14.6937,-17.4441,69.93,88,62,0.0,broken clouds
638,Onalaska,US,43.8844,-91.2351,28.27,77,1,6.91,clear sky
639,Ati,TD,13.2154,18.3353,69.78,23,33,9.51,scattered clouds
640,Tarsus,TR,36.9188,34.8784,53.98,59,3,7.87,clear sky
641,Tigre,AR,-34.426,-58.5796,75.29,74,0,8.05,clear sky
642,Zhigansk,RU,66.7697,123.3711,-10.66,98,100,8.97,overcast clouds
643,Qidong,CN,31.8128,121.6561,52.03,73,100,16.82,overcast clouds
644,Limbe,CM,4.0242,9.2149,76.05,73,99,2.37,overcast clouds
645,Jardim,BR,-21.4803,-56.1381,77.38,58,82,6.06,broken clouds
646,Halifax,CA,44.6453,-63.5724,57.09,95,100,11.01,overcast clouds
647,Kuvandyk,RU,51.4781,57.3552,14.65,74,0,13.38,clear sky
